taxonKey	scientificName	acceptedTaxonKey	acceptedScientificName	numberOfOccurrences	taxonRank	taxonomicStatus	kingdom	kingdomKey	phylum	phylumKey	class	classKey	order	orderKey	family	familyKey	genus	genusKey	species	speciesKey	iucnRedListCategory
2484155	Quiscalus quiscula (Linnaeus, 1758)	2484155	Quiscalus quiscula (Linnaeus, 1758)	64	SPECIES		Animalia	1	Chordata	44	Aves	212	Passeriformes	729	Icteridae	6176	Quiscalus	2484132	Quiscalus quiscula	2484155	NT
2482492	Corvus corax Linnaeus, 1758	2482492	Corvus corax Linnaeus, 1758	270	SPECIES		Animalia	1	Chordata	44	Aves	212	Passeriformes	729	Corvidae	5235	Corvus	2482468	Corvus corax	2482492	LC
9809229	Sturnus vulgaris Linnaeus, 1758	9809229	Sturnus vulgaris Linnaeus, 1758	77	SPECIES		Animalia	1	Chordata	44	Aves	212	Passeriformes	729	Sturnidae	9350	Sturnus	2489099	Sturnus vulgaris	9809229	LC
2482436	Perisoreus canadensis (Linnaeus, 1766)	2482436	Perisoreus canadensis (Linnaeus, 1766)	73	SPECIES		Animalia	1	Chordata	44	Aves	212	Passeriformes	729	Corvidae	5235	Perisoreus	2482435	Perisoreus canadensis	2482436	LC
2480320	Charadrius vociferus Linnaeus, 1758	2480320	Charadrius vociferus Linnaeus, 1758	164	SPECIES		Animalia	1	Chordata	44	Aves	212	Charadriiformes	7192402	Charadriidae	2480210	Charadrius	2480277	Charadrius vociferus	2480320	NT
9149595	Dryobates pubescens (Linnaeus, 1766)	9149595	Dryobates pubescens (Linnaeus, 1766)	37	SPECIES		Animalia	1	Chordata	44	Aves	212	Piciformes	724	Picidae	9333	Dryobates	8399994	Dryobates pubescens	9149595	LC
10211179	Dryobates villosus (Linnaeus, 1766)	9192501	Leuconotopicus villosus (Linnaeus, 1766)	42	SPECIES		Animalia	1	Chordata	44	Aves	212	Piciformes	724	Picidae	9333	Leuconotopicus	4845041	Leuconotopicus villosus	9192501	
2484391	Molothrus ater (Boddaert, 1783)	2484391	Molothrus ater (Boddaert, 1783)	65	SPECIES		Animalia	1	Chordata	44	Aves	212	Passeriformes	729	Icteridae	6176	Molothrus	2484385	Molothrus ater	2484391	LC
2481798	Actitis macularius (Linnaeus, 1766)	2481798	Actitis macularius (Linnaeus, 1766)	35	SPECIES		Animalia	1	Chordata	44	Aves	212	Charadriiformes	7192402	Scolopacidae	5282	Actitis	2481797	Actitis macularius	2481798	LC
9362027	Mareca strepera (Linnaeus, 1758)	9362027	Mareca strepera (Linnaeus, 1758)	23	SPECIES		Animalia	1	Chordata	44	Aves	212	Anseriformes	1108	Anatidae	2986	Mareca	2498314	Mareca strepera	9362027	LC
5232479	Mergus merganser americanus Cassin, 1852	5232479	Mergus merganser americanus Cassin, 1852	6	SUBSPECIES		Animalia	1	Chordata	44	Aves	212	Anseriformes	1108	Anatidae	2986	Mergus	2498368	Mergus merganser	9537647	
5232437	Branta canadensis (Linnaeus, 1758)	5232437	Branta canadensis (Linnaeus, 1758)	238	SPECIES		Animalia	1	Chordata	44	Aves	212	Anseriformes	1108	Anatidae	2986	Branta	2498190	Branta canadensis	5232437	LC
9606290	Meleagris gallopavo Linnaeus, 1758	9606290	Meleagris gallopavo Linnaeus, 1758	39	SPECIES		Animalia	1	Chordata	44	Aves	212	Galliformes	723	Phasianidae	9331	Meleagris	2473548	Meleagris gallopavo	9606290	LC
2484183	Euphagus cyanocephalus (Wagler, 1829)	2484183	Euphagus cyanocephalus (Wagler, 1829)	103	SPECIES		Animalia	1	Chordata	44	Aves	212	Passeriformes	729	Icteridae	6176	Euphagus	2484182	Euphagus cyanocephalus	2484183	LC
2480726	Pandion haliaetus (Linnaeus, 1758)	2480726	Pandion haliaetus (Linnaeus, 1758)	97	SPECIES		Animalia	1	Chordata	44	Aves	212	Accipitriformes	7191147	Pandionidae	4408414	Pandion	2480725	Pandion haliaetus	2480726	LC
2480446	Haliaeetus leucocephalus (Linnaeus, 1766)	2480446	Haliaeetus leucocephalus (Linnaeus, 1766)	117	SPECIES		Animalia	1	Chordata	44	Aves	212	Accipitriformes	7191147	Accipitridae	2877	Haliaeetus	2480444	Haliaeetus leucocephalus	2480446	LC
2498256	Aythya valisineria (A.Wilson, 1814)	2498256	Aythya valisineria (A.Wilson, 1814)	5	SPECIES		Animalia	1	Chordata	44	Aves	212	Anseriformes	1108	Anatidae	2986	Aythya	2498254	Aythya valisineria	2498256	LC
9428437	Dendragapus obscurus (Say, 1822)	9428437	Dendragapus obscurus (Say, 1822)	91	SPECIES		Animalia	1	Chordata	44	Aves	212	Galliformes	723	Phasianidae	9331	Dendragapus	2473587	Dendragapus obscurus	9428437	LC
2489169	Petrochelidon pyrrhonota (Vieillot, 1817)	2489169	Petrochelidon pyrrhonota (Vieillot, 1817)	38	SPECIES		Animalia	1	Chordata	44	Aves	212	Passeriformes	729	Hirundinidae	5248	Petrochelidon	2489165	Petrochelidon pyrrhonota	2489169	LC
2498257	Aythya affinis (Eyton, 1838)	2498257	Aythya affinis (Eyton, 1838)	47	SPECIES		Animalia	1	Chordata	44	Aves	212	Anseriformes	1108	Anatidae	2986	Aythya	2498254	Aythya affinis	2498257	LC
8276794	Artemisiospiza nevadensis (Ridgway, 1874)	8276794	Artemisiospiza nevadensis (Ridgway, 1874)	4	SPECIES		Animalia	1	Chordata	44	Aves	212	Passeriformes	729	Passerellidae	9410667	Artemisiospiza	6100796	Artemisiospiza nevadensis	8276794	LC
2480562	Buteo swainsoni Bonaparte, 1838	2480562	Buteo swainsoni Bonaparte, 1838	51	SPECIES		Animalia	1	Chordata	44	Aves	212	Accipitriformes	7191147	Accipitridae	2877	Buteo	2480517	Buteo swainsoni	2480562	LC
2482614	Nucifraga columbiana (A.Wilson, 1811)	2482614	Nucifraga columbiana (A.Wilson, 1811)	104	SPECIES		Animalia	1	Chordata	44	Aves	212	Passeriformes	729	Corvidae	5235	Nucifraga	2482612	Nucifraga columbiana	2482614	LC
2494936	Dumetella carolinensis (Linnaeus, 1766)	2494936	Dumetella carolinensis (Linnaeus, 1766)	10	SPECIES		Animalia	1	Chordata	44	Aves	212	Passeriformes	729	Mimidae	9321	Dumetella	2494935	Dumetella carolinensis	2494936	LC
5229754	Contopus sordidulus P.L.Sclater, 1859	5229754	Contopus sordidulus P.L.Sclater, 1859	29	SPECIES		Animalia	1	Chordata	44	Aves	212	Passeriformes	729	Tyrannidae	5291	Contopus	2483729	Contopus sordidulus	5229754	LC
5229155	Pelecanus erythrorhynchos Gmelin, 1789	5229155	Pelecanus erythrorhynchos Gmelin, 1789	87	SPECIES		Animalia	1	Chordata	44	Aves	212	Pelecaniformes	7190953	Pelecanidae	9329	Pelecanus	10650925	Pelecanus erythrorhynchos	5229155	LC
5230754	Tachycineta thalassina (Swainson, 1827)	5230754	Tachycineta thalassina (Swainson, 1827)	65	SPECIES		Animalia	1	Chordata	44	Aves	212	Passeriformes	729	Hirundinidae	5248	Tachycineta	2489178	Tachycineta thalassina	5230754	LC
2481146	Larus californicus Lawrence, 1854	2481146	Larus californicus Lawrence, 1854	27	SPECIES		Animalia	1	Chordata	44	Aves	212	Charadriiformes	7192402	Laridae	9316	Larus	2481126	Larus californicus	2481146	LC
2490935	Sialia currucoides (Bechstein, 1798)	2490935	Sialia currucoides (Bechstein, 1798)	202	SPECIES		Animalia	1	Chordata	44	Aves	212	Passeriformes	729	Turdidae	5290	Sialia	2490934	Sialia currucoides	2490935	LC
2488484	Piranga ludoviciana (A.Wilson, 1811)	2488484	Piranga ludoviciana (A.Wilson, 1811)	55	SPECIES		Animalia	1	Chordata	44	Aves	212	Passeriformes	729	Cardinalidae	9285	Piranga	2488483	Piranga ludoviciana	2488484	LC
5231142	Passerculus sandwichensis (J.F.Gmelin, 1789)	5231142	Passerculus sandwichensis (J.F.Gmelin, 1789)	20	SPECIES		Animalia	1	Chordata	44	Aves	212	Passeriformes	729	Passerellidae	9410667	Passerculus	5231141	Passerculus sandwichensis	5231142	LC
2474393	Fulica americana Gmelin, 1789	2474393	Fulica americana Gmelin, 1789	38	SPECIES		Animalia	1	Chordata	44	Aves	212	Gruiformes	1493	Rallidae	9342	Fulica	2474376	Fulica americana	2474393	LC
2480566	Buteo regalis (G.R.Gray, 1844)	2480566	Buteo regalis (G.R.Gray, 1844)	7	SPECIES		Animalia	1	Chordata	44	Aves	212	Accipitriformes	7191147	Accipitridae	2877	Buteo	2480517	Buteo regalis	2480566	LC
9362842	Junco hyemalis (Linnaeus, 1758)	9362842	Junco hyemalis (Linnaeus, 1758)	63	SPECIES		Animalia	1	Chordata	44	Aves	212	Passeriformes	729	Passerellidae	9410667	Junco	2492009	Junco hyemalis	9362842	LC
3242735	Astur Lacepède, 1799	3242735	Astur Lacepède, 1799	18	GENUS		Animalia	1	Chordata	44	Aves	212	Accipitriformes	7191147	Accipitridae	2877	Astur	3242735			
2494372	Leucosticte atrata Ridgway, 1874	2494372	Leucosticte atrata Ridgway, 1874	6	SPECIES		Animalia	1	Chordata	44	Aves	212	Passeriformes	729	Fringillidae	5242	Leucosticte	2494358	Leucosticte atrata	2494372	EN
9606873	Cinclus mexicanus Swainson, 1827	9606873	Cinclus mexicanus Swainson, 1827	52	SPECIES		Animalia	1	Chordata	44	Aves	212	Passeriformes	729	Cinclidae	9290	Cinclus	2495086	Cinclus mexicanus	9606873	LC
8323485	Haemorhous mexicanus (P.L.Statius Müller, 1776)	8323485	Haemorhous mexicanus (P.L.Statius Müller, 1776)	31	SPECIES		Animalia	1	Chordata	44	Aves	212	Passeriformes	729	Fringillidae	5242	Haemorhous	4844128	Haemorhous mexicanus	8323485	LC
2498345	Cygnus buccinator Richardson, 1831	2498345	Cygnus buccinator Richardson, 1831	86	SPECIES		Animalia	1	Chordata	44	Aves	212	Anseriformes	1108	Anatidae	2986	Cygnus	8996942	Cygnus buccinator	2498345	LC
5229400	Calidris himantopus (Bonaparte, 1826)	5229400	Calidris himantopus (Bonaparte, 1826)	4	SPECIES		Animalia	1	Chordata	44	Aves	212	Charadriiformes	7192402	Scolopacidae	5282	Calidris	2481739	Calidris himantopus	5229400	NT
2492099	Spizella breweri Cassin, 1856	2492099	Spizella breweri Cassin, 1856	16	SPECIES		Animalia	1	Chordata	44	Aves	212	Passeriformes	729	Passerellidae	9410667	Spizella	2492093	Spizella breweri	2492099	LC
2498325	Bucephala islandica (J.F.Gmelin, 1789)	2498325	Bucephala islandica (J.F.Gmelin, 1789)	93	SPECIES		Animalia	1	Chordata	44	Aves	212	Anseriformes	1108	Anatidae	2986	Bucephala	2498324	Bucephala islandica	2498325	LC
2498224	Histrionicus histrionicus (Linnaeus, 1758)	2498224	Histrionicus histrionicus (Linnaeus, 1758)	34	SPECIES		Animalia	1	Chordata	44	Aves	212	Anseriformes	1108	Anatidae	2986	Histrionicus	2498223	Histrionicus histrionicus	2498224	LC
2487446	Vireo gilvus (Vieillot, 1808)	2487446	Vireo gilvus (Vieillot, 1808)	12	SPECIES		Animalia	1	Chordata	44	Aves	212	Passeriformes	729	Vireonidae	9358	Vireo	2487406	Vireo gilvus	2487446	LC
2490849	Myadestes townsendi (Audubon, 1838)	2490849	Myadestes townsendi (Audubon, 1838)	41	SPECIES		Animalia	1	Chordata	44	Aves	212	Passeriformes	729	Turdidae	5290	Myadestes	2490834	Myadestes townsendi	2490849	LC
5229487	Pica hudsonia (Sabine, 1823)	5229487	Pica hudsonia (Sabine, 1823)	165	SPECIES		Animalia	1	Chordata	44	Aves	212	Passeriformes	729	Corvidae	5235	Pica	7237083	Pica hudsonia	5229487	LC
2482598	Cyanocitta stelleri (Gmelin, 1788)	2482598	Cyanocitta stelleri (Gmelin, 1788)	44	SPECIES		Animalia	1	Chordata	44	Aves	212	Passeriformes	729	Corvidae	5235	Cyanocitta	2482592	Cyanocitta stelleri	2482598	LC
9036008	Antigone canadensis (Linnaeus, 1758)	2474953	Grus canadensis (Linnaeus, 1758)	100	SPECIES		Animalia	1	Chordata	44	Aves	212	Gruiformes	1493	Gruidae	9313	Grus	2474940	Grus canadensis	2474953	
2487825	Poecile gambeli (Ridgway, 1886)	2487825	Poecile gambeli (Ridgway, 1886)	64	SPECIES		Animalia	1	Chordata	44	Aves	212	Passeriformes	729	Paridae	9327	Poecile	2487782	Poecile gambeli	2487825	LC
5231132	Zonotrichia leucophrys (J.R.Forster, 1772)	5231132	Zonotrichia leucophrys (J.R.Forster, 1772)	66	SPECIES		Animalia	1	Chordata	44	Aves	212	Passeriformes	729	Passerellidae	9410667	Zonotrichia	6173226	Zonotrichia leucophrys	5231132	LC
2491276	Pipilo chlorurus (Audubon, 1839)	2491276	Pipilo chlorurus (Audubon, 1839)	27	SPECIES		Animalia	1	Chordata	44	Aves	212	Passeriformes	729	Passerellidae	9410667	Pipilo	2491204	Pipilo chlorurus	2491276	LC
2480506	Aquila chrysaetos (Linnaeus, 1758)	2480506	Aquila chrysaetos (Linnaeus, 1758)	45	SPECIES		Animalia	1	Chordata	44	Aves	212	Accipitriformes	7191147	Accipitridae	2877	Aquila	2480498	Aquila chrysaetos	2480506	LC
9345027	Spatula cyanoptera (Vieillot, 1816)	9345027	Spatula cyanoptera (Vieillot, 1816)	35	SPECIES		Animalia	1	Chordata	44	Aves	212	Anseriformes	1108	Anatidae	2986	Spatula	4850990	Spatula cyanoptera	9345027	LC
2492196	Melospiza melodia (A.Wilson, 1810)	2492196	Melospiza melodia (A.Wilson, 1810)	36	SPECIES		Animalia	1	Chordata	44	Aves	212	Passeriformes	729	Passerellidae	9410667	Melospiza	2492191	Melospiza melodia	2492196	LC
7597244	Selasphorus calliope (Gould, 1847)	7597244	Selasphorus calliope (Gould, 1847)	14	SPECIES		Animalia	1	Chordata	44	Aves	212	Apodiformes	1448	Trochilidae	5289	Selasphorus	2476843	Selasphorus calliope	7597244	LC
7341805	Setophaga coronata (Linnaeus, 1766)	7341805	Setophaga coronata (Linnaeus, 1766)	58	SPECIES		Animalia	1	Chordata	44	Aves	212	Passeriformes	729	Parulidae	5263	Setophaga	2489984	Setophaga coronata	7341805	LC
7192161	Tachycineta thalassina thalassina (Swainson, 1827)	7192161	Tachycineta thalassina thalassina (Swainson, 1827)	1	SUBSPECIES		Animalia	1	Chordata	44	Aves	212	Passeriformes	729	Hirundinidae	5248	Tachycineta	2489178	Tachycineta thalassina	5230754	
2480542	Buteo jamaicensis (Gmelin, 1788)	2480542	Buteo jamaicensis (Gmelin, 1788)	111	SPECIES		Animalia	1	Chordata	44	Aves	212	Accipitriformes	7191147	Accipitridae	2877	Buteo	2480517	Buteo jamaicensis	2480542	LC
2482507	Corvus brachyrhynchos C.L.Brehm, 1822	2482507	Corvus brachyrhynchos C.L.Brehm, 1822	30	SPECIES		Animalia	1	Chordata	44	Aves	212	Passeriformes	729	Corvidae	5235	Corvus	2482468	Corvus brachyrhynchos	2482507	LC
9479809	Toxostoma rufum (Linnaeus, 1758)	9479809	Toxostoma rufum (Linnaeus, 1758)	7	SPECIES		Animalia	1	Chordata	44	Aves	212	Passeriformes	729	Mimidae	9321	Toxostoma	2494943	Toxostoma rufum	9479809	LC
7341834	Setophaga petechia (Linnaeus, 1766)	7341834	Setophaga petechia (Linnaeus, 1766)	32	SPECIES		Animalia	1	Chordata	44	Aves	212	Passeriformes	729	Parulidae	5263	Setophaga	2489984	Setophaga petechia	7341834	LC
9543753	Picoides dorsalis S.F.Baird, 1858	9543753	Picoides dorsalis S.F.Baird, 1858	9	SPECIES		Animalia	1	Chordata	44	Aves	212	Piciformes	724	Picidae	9333	Picoides	2477732	Picoides dorsalis	9543753	
9630752	Ardea herodias Linnaeus, 1758	9630752	Ardea herodias Linnaeus, 1758	54	SPECIES		Animalia	1	Chordata	44	Aves	212	Pelecaniformes	7190953	Ardeidae	3685	Ardea	2480922	Ardea herodias	9630752	LC
10729360	Columba livia var. domestica J.F.Gmelin, 1789	10729360	Columba livia var. domestica J.F.Gmelin, 1789	19	VARIETY		Animalia	1	Chordata	44	Aves	212	Columbiformes	1446	Columbidae	5233	Columba	2495404	Columba livia	2495414	
9510564	Turdus migratorius Linnaeus, 1766	9510564	Turdus migratorius Linnaeus, 1766	158	SPECIES		Animalia	1	Chordata	44	Aves	212	Passeriformes	729	Turdidae	5290	Turdus	2490714	Turdus migratorius	9510564	LC
5959118	Bubo virginianus (J.F.Gmelin, 1788)	5959118	Bubo virginianus (J.F.Gmelin, 1788)	44	SPECIES		Animalia	1	Chordata	44	Aves	212	Strigiformes	1450	Strigidae	9348	Bubo	5959091	Bubo virginianus	5959118	LC
2473958	Perdix perdix (Linnaeus, 1758)	2473958	Perdix perdix (Linnaeus, 1758)	7	SPECIES		Animalia	1	Chordata	44	Aves	212	Galliformes	723	Phasianidae	9331	Perdix	2473953	Perdix perdix	2473958	LC
2484609	Bombycilla cedrorum Vieillot, 1808	2484609	Bombycilla cedrorum Vieillot, 1808	23	SPECIES		Animalia	1	Chordata	44	Aves	212	Passeriformes	729	Bombycillidae	5215	Bombycilla	2484604	Bombycilla cedrorum	2484609	LC
5229389	Phalaropus tricolor (Vieillot, 1819)	5229389	Phalaropus tricolor (Vieillot, 1819)	21	SPECIES		Animalia	1	Chordata	44	Aves	212	Charadriiformes	7192402	Scolopacidae	5282	Phalaropus	9549339	Phalaropus tricolor	5229389	LC
2478259	Colaptes auratus (Linnaeus, 1758)	2478259	Colaptes auratus (Linnaeus, 1758)	73	SPECIES		Animalia	1	Chordata	44	Aves	212	Piciformes	724	Picidae	9333	Colaptes	11016979	Colaptes auratus	2478259	LC
2484907	Sitta pygmaea Vigors, 1839	2484907	Sitta pygmaea Vigors, 1839	5	SPECIES		Animalia	1	Chordata	44	Aves	212	Passeriformes	729	Sittidae	5283	Sitta	2484878	Sitta pygmaea	2484907	LC
9537647	Mergus merganser Linnaeus, 1758	9537647	Mergus merganser Linnaeus, 1758	99	SPECIES		Animalia	1	Chordata	44	Aves	212	Anseriformes	1108	Anatidae	2986	Mergus	2498368	Mergus merganser	9537647	LC
2482033	Aechmophorus occidentalis (Lawrence, 1858)	2482033	Aechmophorus occidentalis (Lawrence, 1858)	18	SPECIES		Animalia	1	Chordata	44	Aves	212	Podicipediformes	7191588	Podicipedidae	9338	Aechmophorus	2482031	Aechmophorus occidentalis	2482033	LC
6092651	Setophaga townsendi (J.K.Townsend, 1837)	6092651	Setophaga townsendi (J.K.Townsend, 1837)	2	SPECIES		Animalia	1	Chordata	44	Aves	212	Passeriformes	729	Parulidae	5263	Setophaga	2489984	Setophaga townsendi	6092651	LC
2481817	Gallinago delicata (Ord, 1825)	2481817	Gallinago delicata (Ord, 1825)	14	SPECIES		Animalia	1	Chordata	44	Aves	212	Charadriiformes	7192402	Scolopacidae	5282	Gallinago	2481808	Gallinago delicata	2481817	LC
9709230	Pipilo maculatus Swainson, 1827	9709230	Pipilo maculatus Swainson, 1827	5	SPECIES		Animalia	1	Chordata	44	Aves	212	Passeriformes	729	Passerellidae	9410667	Pipilo	2491204	Pipilo maculatus	9709230	LC
9476062	Quiscalus mexicanus (Gmelin, 1788)	9476062	Quiscalus mexicanus (Gmelin, 1788)	6	SPECIES		Animalia	1	Chordata	44	Aves	212	Passeriformes	729	Icteridae	6176	Quiscalus	2484132	Quiscalus mexicanus	9476062	LC
5231190	Passer domesticus (Linnaeus, 1758)	5231190	Passer domesticus (Linnaeus, 1758)	42	SPECIES		Animalia	1	Chordata	44	Aves	212	Passeriformes	729	Passeridae	5264	Passer	2492321	Passer domesticus	5231190	LC
2483607	Sayornis saya (Bonaparte, 1825)	2483607	Sayornis saya (Bonaparte, 1825)	13	SPECIES		Animalia	1	Chordata	44	Aves	212	Passeriformes	729	Tyrannidae	5291	Sayornis	2483605	Sayornis saya	2483607	LC
2484879	Sitta canadensis Linnaeus, 1766	2484879	Sitta canadensis Linnaeus, 1766	25	SPECIES		Animalia	1	Chordata	44	Aves	212	Passeriformes	729	Sittidae	5283	Sitta	2484878	Sitta canadensis	2484879	LC
2492109	Spizella passerina (Bechstein, 1798)	2492109	Spizella passerina (Bechstein, 1798)	75	SPECIES		Animalia	1	Chordata	44	Aves	212	Passeriformes	729	Passerellidae	9410667	Spizella	2492093	Spizella passerina	2492109	LC
2497035	Chordeiles minor (J.R.Forster, 1771)	2497035	Chordeiles minor (J.R.Forster, 1771)	27	SPECIES		Animalia	1	Chordata	44	Aves	212	Caprimulgiformes	8510645	Caprimulgidae	5225	Chordeiles	2497027	Chordeiles minor	2497035	LC
2491728	Pooecetes gramineus (J.F.Gmelin, 1789)	2491728	Pooecetes gramineus (J.F.Gmelin, 1789)	31	SPECIES		Animalia	1	Chordata	44	Aves	212	Passeriformes	729	Passerellidae	9410667	Pooecetes	2491727	Pooecetes gramineus	2491728	LC
2481684	Limosa fedoa (Linnaeus, 1758)	2481684	Limosa fedoa (Linnaeus, 1758)	5	SPECIES		Animalia	1	Chordata	44	Aves	212	Charadriiformes	7192402	Scolopacidae	5282	Limosa	2481679	Limosa fedoa	2481684	VU
5231459	Troglodytes aedon Vieillot, 1809	5231459	Troglodytes aedon Vieillot, 1809	16	SPECIES		Animalia	1	Chordata	44	Aves	212	Passeriformes	729	Troglodytidae	9355	Troglodytes	2493899	Troglodytes aedon	5231459	LC
9761484	Anas platyrhynchos Linnaeus, 1758	9761484	Anas platyrhynchos Linnaeus, 1758	137	SPECIES		Animalia	1	Chordata	44	Aves	212	Anseriformes	1108	Anatidae	2986	Anas	2498056	Anas platyrhynchos	9761484	LC
2481134	Larus delawarensis Ord, 1815	2481134	Larus delawarensis Ord, 1815	20	SPECIES		Animalia	1	Chordata	44	Aves	212	Charadriiformes	7192402	Laridae	9316	Larus	2481126	Larus delawarensis	2481134	LC
9515886	Hirundo rustica Linnaeus, 1758	9515886	Hirundo rustica Linnaeus, 1758	29	SPECIES		Animalia	1	Chordata	44	Aves	212	Passeriformes	729	Hirundinidae	5248	Hirundo	2489222	Hirundo rustica	9515886	LC
8214667	Anas crecca Linnaeus, 1758	8214667	Anas crecca Linnaeus, 1758	18	SPECIES		Animalia	1	Chordata	44	Aves	212	Anseriformes	1108	Anatidae	2986	Anas	2498056	Anas crecca	8214667	LC
9752149	Phasianus colchicus Linnaeus, 1758	9752149	Phasianus colchicus Linnaeus, 1758	14	SPECIES		Animalia	1	Chordata	44	Aves	212	Galliformes	723	Phasianidae	9331	Phasianus	2473738	Phasianus colchicus	9752149	LC
5229128	Himantopus mexicanus (P.L.S.Müller, 1776)	5229128	Himantopus mexicanus (P.L.S.Müller, 1776)	2	SPECIES		Animalia	1	Chordata	44	Aves	212	Charadriiformes	7192402	Recurvirostridae	4287244	Himantopus	2480217	Himantopus mexicanus	5229128	
8255548	Haemorhous cassinii (S.F.Baird, 1854)	8255548	Haemorhous cassinii (S.F.Baird, 1854)	23	SPECIES		Animalia	1	Chordata	44	Aves	212	Passeriformes	729	Fringillidae	5242	Haemorhous	4844128	Haemorhous cassinii	8255548	LC
2489181	Tachycineta bicolor (Vieillot, 1808)	2489181	Tachycineta bicolor (Vieillot, 1808)	30	SPECIES		Animalia	1	Chordata	44	Aves	212	Passeriformes	729	Hirundinidae	5248	Tachycineta	2489178	Tachycineta bicolor	2489181	LC
5231483	Salpinctes obsoletus (Say, 1822)	5231483	Salpinctes obsoletus (Say, 1822)	37	SPECIES		Animalia	1	Chordata	44	Aves	212	Passeriformes	729	Troglodytidae	9355	Salpinctes	2493947	Salpinctes obsoletus	5231483	LC
2498243	Melanitta deglandi (Bonaparte, 1850)	2498243	Melanitta deglandi (Bonaparte, 1850)	1	SPECIES		Animalia	1	Chordata	44	Aves	212	Anseriformes	1108	Anatidae	2986	Melanitta	2498237	Melanitta deglandi	2498243	LC
2491893	Calamospiza melanocorys Stejneger, 1885	2491893	Calamospiza melanocorys Stejneger, 1885	21	SPECIES		Animalia	1	Chordata	44	Aves	212	Passeriformes	729	Passerellidae	9410667	Calamospiza	2491892	Calamospiza melanocorys	2491893	LC
2490487	Pheucticus melanocephalus (Swainson, 1827)	2490487	Pheucticus melanocephalus (Swainson, 1827)	27	SPECIES		Animalia	1	Chordata	44	Aves	212	Passeriformes	729	Cardinalidae	9285	Pheucticus	2490486	Pheucticus melanocephalus	2490487	LC
9616953	Glaucidium gnoma Wagler, 1832	9616953	Glaucidium gnoma Wagler, 1832	4	SPECIES		Animalia	1	Chordata	44	Aves	212	Strigiformes	1450	Strigidae	9348	Glaucidium	2497151	Glaucidium gnoma	9616953	LC
9275717	Nannopterum auritum (R.P.Lesson, 1831)	2481875	Phalacrocorax auritus (Lesson, 1831)	15	SPECIES		Animalia	1	Chordata	44	Aves	212	Suliformes	7192775	Phalacrocoracidae	5268	Phalacrocorax	2481854	Phalacrocorax auritus	2481875	
2492870	Lanius ludovicianus Linnaeus, 1766	2492870	Lanius ludovicianus Linnaeus, 1766	15	SPECIES		Animalia	1	Chordata	44	Aves	212	Passeriformes	729	Laniidae	9315	Lanius	2483315	Lanius ludovicianus	2492870	NT
2476855	Selasphorus rufus (J.F.Gmelin, 1788)	2476855	Selasphorus rufus (J.F.Gmelin, 1788)	24	SPECIES		Animalia	1	Chordata	44	Aves	212	Apodiformes	1448	Trochilidae	5289	Selasphorus	2476843	Selasphorus rufus	2476855	NT
5229675	Tyrannus verticalis Say, 1823	5229675	Tyrannus verticalis Say, 1823	35	SPECIES		Animalia	1	Chordata	44	Aves	212	Passeriformes	729	Tyrannidae	5291	Tyrannus	2483336	Tyrannus verticalis	5229675	LC
5231640	Spinus tristis (Linnaeus, 1758)	5231640	Spinus tristis (Linnaeus, 1758)	39	SPECIES		Animalia	1	Chordata	44	Aves	212	Passeriformes	729	Fringillidae	5242	Spinus	8051475	Spinus tristis	5231640	LC
9813242	Falco columbarius Linnaeus, 1758	9813242	Falco columbarius Linnaeus, 1758	8	SPECIES		Animalia	1	Chordata	44	Aves	212	Falconiformes	7191407	Falconidae	5240	Falco	2480996	Falco columbarius	9813242	LC
5229498	Gymnorhinus cyanocephalus Wied-Neuwied, 1841	5229498	Gymnorhinus cyanocephalus Wied-Neuwied, 1841	5	SPECIES		Animalia	1	Chordata	44	Aves	212	Passeriformes	729	Corvidae	5235	Gymnorhinus	2482615	Gymnorhinus cyanocephalus	5229498	
7690702	Lanius borealis Vieillot, 1808	7690702	Lanius borealis Vieillot, 1808	7	SPECIES		Animalia	1	Chordata	44	Aves	212	Passeriformes	729	Laniidae	9315	Lanius	2483315	Lanius borealis	7690702	LC
2491651	Chondestes grammacus (Say, 1822)	2491651	Chondestes grammacus (Say, 1822)	15	SPECIES		Animalia	1	Chordata	44	Aves	212	Passeriformes	729	Passerellidae	9410667	Chondestes	2491650	Chondestes grammacus	2491651	LC
6101217	Circus hudsonius (Linnaeus, 1766)	5229175	Circus cyaneus hudsonius (Linnaeus, 1766)	21	SPECIES		Animalia	1	Chordata	44	Aves	212	Accipitriformes	7191147	Accipitridae	2877	Circus	2480481	Circus cyaneus	2480487	
2490821	Catharus ustulatus (Nuttall, 1840)	2490821	Catharus ustulatus (Nuttall, 1840)	17	SPECIES		Animalia	1	Chordata	44	Aves	212	Passeriformes	729	Turdidae	5290	Catharus	2490799	Catharus ustulatus	2490821	LC
2495347	Zenaida macroura (Linnaeus, 1758)	2495347	Zenaida macroura (Linnaeus, 1758)	21	SPECIES		Animalia	1	Chordata	44	Aves	212	Columbiformes	1446	Columbidae	5233	Zenaida	2495346	Zenaida macroura	2495347	LC
6173540	Junco hyemalis mearnsi Ridgway, 1897	6173540	Junco hyemalis mearnsi Ridgway, 1897	10	SUBSPECIES		Animalia	1	Chordata	44	Aves	212	Passeriformes	729	Passerellidae	9410667	Junco	2492009	Junco hyemalis	9362842	
9409198	Agelaius phoeniceus (Linnaeus, 1766)	9409198	Agelaius phoeniceus (Linnaeus, 1766)	73	SPECIES		Animalia	1	Chordata	44	Aves	212	Passeriformes	729	Icteridae	6176	Agelaius	2484444	Agelaius phoeniceus	9409198	LC
2494973	Oreoscoptes montanus (J.K.Townsend, 1837)	2494973	Oreoscoptes montanus (J.K.Townsend, 1837)	24	SPECIES		Animalia	1	Chordata	44	Aves	212	Passeriformes	729	Mimidae	9321	Oreoscoptes	2494972	Oreoscoptes montanus	2494973	LC
2494360	Leucosticte tephrocotis (Swainson, 1832)	2494360	Leucosticte tephrocotis (Swainson, 1832)	10	SPECIES		Animalia	1	Chordata	44	Aves	212	Passeriformes	729	Fringillidae	5242	Leucosticte	2494358	Leucosticte tephrocotis	2494360	LC
2482593	Cyanocitta cristata (Linnaeus, 1758)	2482593	Cyanocitta cristata (Linnaeus, 1758)	10	SPECIES		Animalia	1	Chordata	44	Aves	212	Passeriformes	729	Corvidae	5235	Cyanocitta	2482592	Cyanocitta cristata	2482593	LC
2484892	Sitta carolinensis Latham, 1790	2484892	Sitta carolinensis Latham, 1790	24	SPECIES		Animalia	1	Chordata	44	Aves	212	Passeriformes	729	Sittidae	5283	Sitta	2484878	Sitta carolinensis	2484892	LC
6093927	Rhynchophanes mccownii (Lawrence, 1851)	6093927	Rhynchophanes mccownii (Lawrence, 1851)	8	SPECIES		Animalia	1	Chordata	44	Aves	212	Passeriformes	729	Calcariidae	6101141	Rhynchophanes	7342052	Rhynchophanes mccownii	6093927	LC
2473702	Bonasa umbellus (Linnaeus, 1766)	2473702	Bonasa umbellus (Linnaeus, 1766)	54	SPECIES		Animalia	1	Chordata	44	Aves	212	Galliformes	723	Phasianidae	9331	Bonasa	2473701	Bonasa umbellus	2473702	LC
2484195	Xanthocephalus xanthocephalus (Bonaparte, 1826)	2484195	Xanthocephalus xanthocephalus (Bonaparte, 1826)	48	SPECIES		Animalia	1	Chordata	44	Aves	212	Passeriformes	729	Icteridae	6176	Xanthocephalus	2484194	Xanthocephalus xanthocephalus	2484195	LC
2474639	Porzana carolina (Linnaeus, 1758)	2474639	Porzana carolina (Linnaeus, 1758)	9	SPECIES		Animalia	1	Chordata	44	Aves	212	Gruiformes	1493	Rallidae	9342	Porzana	2474604	Porzana carolina	2474639	LC
2493863	Cistothorus palustris (A.Wilson, 1810)	2493863	Cistothorus palustris (A.Wilson, 1810)	6	SPECIES		Animalia	1	Chordata	44	Aves	212	Passeriformes	729	Troglodytidae	9355	Cistothorus	2493861	Cistothorus palustris	2493863	LC
2498387	Aix sponsa (Linnaeus, 1758)	2498387	Aix sponsa (Linnaeus, 1758)	5	SPECIES		Animalia	1	Chordata	44	Aves	212	Anseriformes	1108	Anatidae	2986	Aix	2498386	Aix sponsa	2498387	LC
5959240	Centrocercus urophasianus (Bonaparte, 1827)	5959240	Centrocercus urophasianus (Bonaparte, 1827)	48	SPECIES		Animalia	1	Chordata	44	Aves	212	Galliformes	723	Phasianidae	9331	Centrocercus	5959239	Centrocercus urophasianus	5959240	NT
2495696	Streptopelia decaocto (Frivaldszky, 1838)	2495696	Streptopelia decaocto (Frivaldszky, 1838)	26	SPECIES		Animalia	1	Chordata	44	Aves	212	Columbiformes	1446	Columbidae	5233	Streptopelia	2495657	Streptopelia decaocto	2495696	LC
5231635	Spinus pinus (A.Wilson, 1810)	5231635	Spinus pinus (A.Wilson, 1810)	43	SPECIES		Animalia	1	Chordata	44	Aves	212	Passeriformes	729	Fringillidae	5242	Spinus	8051475	Spinus pinus	5231635	LC
2498263	Aythya americana (Eyton, 1838)	2498263	Aythya americana (Eyton, 1838)	12	SPECIES		Animalia	1	Chordata	44	Aves	212	Anseriformes	1108	Anatidae	2986	Aythya	2498254	Aythya americana	2498263	LC
9629160	Loxia curvirostra Linnaeus, 1758	9629160	Loxia curvirostra Linnaeus, 1758	11	SPECIES		Animalia	1	Chordata	44	Aves	212	Passeriformes	729	Fringillidae	5242	Loxia	2494150	Loxia curvirostra	9629160	LC
2480524	Buteo lagopus (Pontoppidan, 1763)	2480524	Buteo lagopus (Pontoppidan, 1763)	12	SPECIES		Animalia	1	Chordata	44	Aves	212	Accipitriformes	7191147	Accipitridae	2877	Buteo	2480517	Buteo lagopus	2480524	LC
9596413	Sturnella neglecta Audubon, 1844	9596413	Sturnella neglecta Audubon, 1844	43	SPECIES		Animalia	1	Chordata	44	Aves	212	Passeriformes	729	Icteridae	6176	Sturnella	2484248	Sturnella neglecta	9596413	LC
2481047	Falco peregrinus Tunstall, 1771	2481047	Falco peregrinus Tunstall, 1771	5	SPECIES		Animalia	1	Chordata	44	Aves	212	Falconiformes	7191407	Falconidae	5240	Falco	2480996	Falco peregrinus	2481047	LC
2492192	Melospiza lincolnii (Audubon, 1834)	2492192	Melospiza lincolnii (Audubon, 1834)	15	SPECIES		Animalia	1	Chordata	44	Aves	212	Passeriformes	729	Passerellidae	9410667	Melospiza	2492191	Melospiza lincolnii	2492192	LC
2497306	Asio otus (Linnaeus, 1758)	2497306	Asio otus (Linnaeus, 1758)	3	SPECIES		Animalia	1	Chordata	44	Aves	212	Strigiformes	1450	Strigidae	9348	Asio	8373955	Asio otus	2497306	LC
5230861	Passerina amoena (Say, 1822)	5230861	Passerina amoena (Say, 1822)	14	SPECIES		Animalia	1	Chordata	44	Aves	212	Passeriformes	729	Cardinalidae	9285	Passerina	2490326	Passerina amoena	5230861	LC
6174850	Empidonax difficilis hellmayri Brodkorb, 1935	6174849	Empidonax occidentalis hellmayri Brodkorb, 1935	1	SUBSPECIES		Animalia	1	Chordata	44	Aves	212	Passeriformes	729	Tyrannidae	5291	Empidonax	2482766	Empidonax occidentalis	2482805	
9740253	Accipiter striatus Vieillot, 1808	9740253	Accipiter striatus Vieillot, 1808	11	SPECIES		Animalia	1	Chordata	44	Aves	212	Accipitriformes	7191147	Accipitridae	2877	Accipiter	9405810	Accipiter striatus	9740253	LC
6178038	Pandion haliaetus carolinensis (Gmelin, 1788)	6178038	Pandion haliaetus carolinensis (Gmelin, 1788)	4	SUBSPECIES		Animalia	1	Chordata	44	Aves	212	Accipitriformes	7191147	Pandionidae	4408414	Pandion	2480725	Pandion haliaetus	2480726	
2498155	Mareca americana (J.F.Gmelin, 1789)	2498155	Mareca americana (J.F.Gmelin, 1789)	43	SPECIES		Animalia	1	Chordata	44	Aves	212	Anseriformes	1108	Anatidae	2986	Mareca	2498314	Mareca americana	2498155	LC
2484591	Regulus satrapa Lichtenstein, 1823	2484591	Regulus satrapa Lichtenstein, 1823	7	SPECIES		Animalia	1	Chordata	44	Aves	212	Passeriformes	729	Regulidae	5279	Regulus	2484589	Regulus satrapa	2484591	LC
2473514	Tympanuchus phasianellus (Linnaeus, 1758)	2473514	Tympanuchus phasianellus (Linnaeus, 1758)	7	SPECIES		Animalia	1	Chordata	44	Aves	212	Galliformes	723	Phasianidae	9331	Tympanuchus	2473509	Tympanuchus phasianellus	2473514	LC
2498264	Aythya collaris (Donovan, 1809)	2498264	Aythya collaris (Donovan, 1809)	14	SPECIES		Animalia	1	Chordata	44	Aves	212	Anseriformes	1108	Anatidae	2986	Aythya	2498254	Aythya collaris	2498264	LC
2484417	Dolichonyx oryzivorus (Linnaeus, 1758)	2484417	Dolichonyx oryzivorus (Linnaeus, 1758)	3	SPECIES		Animalia	1	Chordata	44	Aves	212	Passeriformes	729	Icteridae	6176	Dolichonyx	2484416	Dolichonyx oryzivorus	2484417	LC
2494771	Pinicola enucleator (Linnaeus, 1758)	2494771	Pinicola enucleator (Linnaeus, 1758)	14	SPECIES		Animalia	1	Chordata	44	Aves	212	Passeriformes	729	Fringillidae	5242	Pinicola	2494768	Pinicola enucleator	2494771	LC
2481721	Tringa flavipes (J.F.Gmelin, 1789)	2481721	Tringa flavipes (J.F.Gmelin, 1789)	5	SPECIES		Animalia	1	Chordata	44	Aves	212	Charadriiformes	7192402	Scolopacidae	5282	Tringa	2481709	Tringa flavipes	2481721	VU
7341606	Cardellina pusilla (A.Wilson, 1811)	7341606	Cardellina pusilla (A.Wilson, 1811)	17	SPECIES		Animalia	1	Chordata	44	Aves	212	Passeriformes	729	Parulidae	5263	Cardellina	2489633	Cardellina pusilla	7341606	LC
2476844	Selasphorus platycercus (Swainson, 1827)	2476844	Selasphorus platycercus (Swainson, 1827)	52	SPECIES		Animalia	1	Chordata	44	Aves	212	Apodiformes	1448	Trochilidae	5289	Selasphorus	2476843	Selasphorus platycercus	2476844	LC
5789298	Tringa semipalmata (J.F.Gmelin, 1789)	5789298	Tringa semipalmata (J.F.Gmelin, 1789)	6	SPECIES		Animalia	1	Chordata	44	Aves	212	Charadriiformes	7192402	Scolopacidae	5282	Tringa	2481709	Tringa semipalmata	5789298	LC
9552291	Vireo cassinii Xantus de Vesey, 1858	9552291	Vireo cassinii Xantus de Vesey, 1858	2	SPECIES		Animalia	1	Chordata	44	Aves	212	Passeriformes	729	Vireonidae	9358	Vireo	2487406	Vireo cassinii	9552291	LC
5230862	Passerina caerulea (Linnaeus, 1758)	5230862	Passerina caerulea (Linnaeus, 1758)	1	SPECIES		Animalia	1	Chordata	44	Aves	212	Passeriformes	729	Cardinalidae	9285	Passerina	2490326	Passerina caerulea	5230862	LC
2495370	Zenaida asiatica (Linnaeus, 1758)	2495370	Zenaida asiatica (Linnaeus, 1758)	1	SPECIES		Animalia	1	Chordata	44	Aves	212	Columbiformes	1446	Columbidae	5233	Zenaida	2495346	Zenaida asiatica	2495370	LC
5229864	Icterus bullockii (Swainson, 1827)	5229864	Icterus bullockii (Swainson, 1827)	14	SPECIES		Animalia	1	Chordata	44	Aves	212	Passeriformes	729	Icteridae	6176	Icterus	2484282	Icterus bullockii	5229864	
2474029	Alectoris chukar (J.E.Gray, 1830)	2474029	Alectoris chukar (J.E.Gray, 1830)	5	SPECIES		Animalia	1	Chordata	44	Aves	212	Galliformes	723	Phasianidae	9331	Alectoris	2474025	Alectoris chukar	2474029	LC
2482065	Podiceps nigricollis C.L.Brehm, 1831	2482065	Podiceps nigricollis C.L.Brehm, 1831	24	SPECIES		Animalia	1	Chordata	44	Aves	212	Podicipediformes	7191588	Podicipedidae	9338	Podiceps	2482049	Podiceps nigricollis	2482065	LC
5229186	Aquila chrysaetos canadensis (Linnaeus, 1758)	5229186	Aquila chrysaetos canadensis (Linnaeus, 1758)	8	SUBSPECIES		Animalia	1	Chordata	44	Aves	212	Accipitriformes	7191147	Accipitridae	2877	Aquila	2480498	Aquila chrysaetos	2480506	
6171841	Turdus migratorius propinquus Ridgway, 1877	6171841	Turdus migratorius propinquus Ridgway, 1877	4	SUBSPECIES		Animalia	1	Chordata	44	Aves	212	Passeriformes	729	Turdidae	5290	Turdus	2490714	Turdus migratorius	9510564	
9415596	Eremophila alpestris (Linnaeus, 1758)	9415596	Eremophila alpestris (Linnaeus, 1758)	32	SPECIES		Animalia	1	Chordata	44	Aves	212	Passeriformes	729	Alaudidae	7211	Eremophila	2490615	Eremophila alpestris	9415596	LC
2482803	Empidonax oberholseri A.R.Phillips, 1939	2482803	Empidonax oberholseri A.R.Phillips, 1939	6	SPECIES		Animalia	1	Chordata	44	Aves	212	Passeriformes	729	Tyrannidae	5291	Empidonax	2482766	Empidonax oberholseri	2482803	LC
9451184	Pavo cristatus Linnaeus, 1758	9451184	Pavo cristatus Linnaeus, 1758	1	SPECIES		Animalia	1	Chordata	44	Aves	212	Galliformes	723	Phasianidae	9331	Pavo	2473598	Pavo cristatus	9451184	LC
9406038	Sphyrapicus nuchalis S.F.Baird, 1858	9406038	Sphyrapicus nuchalis S.F.Baird, 1858	19	SPECIES		Animalia	1	Chordata	44	Aves	212	Piciformes	724	Picidae	9333	Sphyrapicus	2478596	Sphyrapicus nuchalis	9406038	LC
9375033	Plegadis chihi (Vieillot, 1817)	9375033	Plegadis chihi (Vieillot, 1817)	9	SPECIES		Animalia	1	Chordata	44	Aves	212	Pelecaniformes	7190953	Threskiornithidae	5288	Plegadis	8171676	Plegadis chihi	9375033	LC
2498408	Lophodytes cucullatus (Linnaeus, 1758)	2498408	Lophodytes cucullatus (Linnaeus, 1758)	6	SPECIES		Animalia	1	Chordata	44	Aves	212	Anseriformes	1108	Anatidae	2986	Lophodytes	2498407	Lophodytes cucullatus	2498408	LC
9685907	Falco sparverius Linnaeus, 1758	9685907	Falco sparverius Linnaeus, 1758	28	SPECIES		Animalia	1	Chordata	44	Aves	212	Falconiformes	7191407	Falconidae	5240	Falco	2480996	Falco sparverius	9685907	LC
2481962	Gavia immer (Brunnich, 1764)	2481962	Gavia immer (Brunnich, 1764)	4	SPECIES		Animalia	1	Chordata	44	Aves	212	Gaviiformes	7192754	Gaviidae	9312	Gavia	2481954	Gavia immer	2481962	LC
2481955	Gavia pacifica (Lawrence, 1858)	2481955	Gavia pacifica (Lawrence, 1858)	3	SPECIES		Animalia	1	Chordata	44	Aves	212	Gaviiformes	7192754	Gaviidae	9312	Gavia	2481954	Gavia pacifica	2481955	LC
6178050	Buteo jamaicensis calurus Cassin, 1855	6178050	Buteo jamaicensis calurus Cassin, 1855	8	SUBSPECIES		Animalia	1	Chordata	44	Aves	212	Accipitriformes	7191147	Accipitridae	2877	Buteo	2480517	Buteo jamaicensis	2480542	
5846430	Leucophaeus pipixcan (Wagler, 1831)	5846430	Leucophaeus pipixcan (Wagler, 1831)	3	SPECIES		Animalia	1	Chordata	44	Aves	212	Charadriiformes	7192402	Laridae	9316	Leucophaeus	4352369	Leucophaeus pipixcan	5846430	LC
2490941	Sialia sialis (Linnaeus, 1758)	2490941	Sialia sialis (Linnaeus, 1758)	1	SPECIES		Animalia	1	Chordata	44	Aves	212	Passeriformes	729	Turdidae	5290	Sialia	2490934	Sialia sialis	2490941	LC
2498375	Mergus serrator Linnaeus, 1758	2498375	Mergus serrator Linnaeus, 1758	3	SPECIES		Animalia	1	Chordata	44	Aves	212	Anseriformes	1108	Anatidae	2986	Mergus	2498368	Mergus serrator	2498375	LC
2481000	Falco mexicanus Schlegel, 1850	2481000	Falco mexicanus Schlegel, 1850	8	SPECIES		Animalia	1	Chordata	44	Aves	212	Falconiformes	7191407	Falconidae	5240	Falco	2480996	Falco mexicanus	2481000	LC
11261360	Corthylio calendula (Linnaeus, 1766)	2484597	Regulus calendula (Linnaeus, 1766)	20	SPECIES		Animalia	1	Chordata	44	Aves	212	Passeriformes	729	Regulidae	5279	Regulus	2484589	Regulus calendula	2484597	
7191712	Leucosticte tephrocotis tephrocotis (Swainson, 1832)	7191712	Leucosticte tephrocotis tephrocotis (Swainson, 1832)	5	SUBSPECIES		Animalia	1	Chordata	44	Aves	212	Passeriformes	729	Fringillidae	5242	Leucosticte	2494358	Leucosticte tephrocotis	2494360	
2481930	Cathartes aura (Linnaeus, 1758)	2481930	Cathartes aura (Linnaeus, 1758)	37	SPECIES		Animalia	1	Chordata	44	Aves	212	Accipitriformes	7191147	Cathartidae	3242141	Cathartes	2481927	Cathartes aura	2481930	LC
2475472	Megaceryle alcyon (Linnaeus, 1758)	2475472	Megaceryle alcyon (Linnaeus, 1758)	18	SPECIES		Animalia	1	Chordata	44	Aves	212	Coraciiformes	1447	Alcedinidae	2984	Megaceryle	2475462	Megaceryle alcyon	2475472	LC
5229688	Tyrannus tyrannus (Linnaeus, 1758)	5229688	Tyrannus tyrannus (Linnaeus, 1758)	22	SPECIES		Animalia	1	Chordata	44	Aves	212	Passeriformes	729	Tyrannidae	5291	Tyrannus	2483336	Tyrannus tyrannus	5229688	LC
2489670	Geothlypis trichas (Linnaeus, 1766)	2489670	Geothlypis trichas (Linnaeus, 1766)	6	SPECIES		Animalia	1	Chordata	44	Aves	212	Passeriformes	729	Parulidae	5263	Geothlypis	2489637	Geothlypis trichas	2489670	LC
5230963	Eremophila alpestris leucolaema Coues, 1874	5230963	Eremophila alpestris leucolaema Coues, 1874	5	SUBSPECIES		Animalia	1	Chordata	44	Aves	212	Passeriformes	729	Alaudidae	7211	Eremophila	2490615	Eremophila alpestris	9415596	
2489202	Stelgidopteryx serripennis (Audubon, 1838)	2489202	Stelgidopteryx serripennis (Audubon, 1838)	11	SPECIES		Animalia	1	Chordata	44	Aves	212	Passeriformes	729	Hirundinidae	5248	Stelgidopteryx	2489200	Stelgidopteryx serripennis	2489202	LC
2498326	Bucephala clangula (Linnaeus, 1758)	2498326	Bucephala clangula (Linnaeus, 1758)	11	SPECIES		Animalia	1	Chordata	44	Aves	212	Anseriformes	1108	Anatidae	2986	Bucephala	2498324	Bucephala clangula	2498326	LC
6065818	Chroicocephalus philadelphia (Ord, 1815)	6065818	Chroicocephalus philadelphia (Ord, 1815)	3	SPECIES		Animalia	1	Chordata	44	Aves	212	Charadriiformes	7192402	Laridae	9316	Chroicocephalus	4848452	Chroicocephalus philadelphia	6065818	LC
2477774	Picoides arcticus (Swainson, 1832)	2477774	Picoides arcticus (Swainson, 1832)	5	SPECIES		Animalia	1	Chordata	44	Aves	212	Piciformes	724	Picidae	9333	Picoides	2477732	Picoides arcticus	2477774	LC
6171863	Myadestes townsendi townsendi (Audubon, 1838)	6171863	Myadestes townsendi townsendi (Audubon, 1838)	1	SUBSPECIES		Animalia	1	Chordata	44	Aves	212	Passeriformes	729	Turdidae	5290	Myadestes	2490834	Myadestes townsendi	2490849	
6542061	Setophaga coronata auduboni (J.K.Townsend, 1837)	9163261	Setophaga auduboni auduboni (J.K.Townsend, 1837)	12	SUBSPECIES		Animalia	1	Chordata	44	Aves	212	Passeriformes	729	Parulidae	5263	Setophaga	2489984	Setophaga auduboni	7760978	
9367409	Sterna hirundo Linnaeus, 1758	9367409	Sterna hirundo Linnaeus, 1758	2	SPECIES		Animalia	1	Chordata	44	Aves	212	Charadriiformes	7192402	Laridae	9316	Sterna	2481227	Sterna hirundo	9367409	LC
2492235	Melospiza georgiana (Latham, 1790)	2492235	Melospiza georgiana (Latham, 1790)	2	SPECIES		Animalia	1	Chordata	44	Aves	212	Passeriformes	729	Passerellidae	9410667	Melospiza	2492191	Melospiza georgiana	2492235	LC
2490263	Anthus rubescens (Tunstall, 1771)	2490263	Anthus rubescens (Tunstall, 1771)	11	SPECIES		Animalia	1	Chordata	44	Aves	212	Passeriformes	729	Motacillidae	5257	Anthus	2490241	Anthus rubescens	2490263	LC
6092935	Setophaga striata (J.R.Forster, 1772)	6092935	Setophaga striata (J.R.Forster, 1772)	2	SPECIES		Animalia	1	Chordata	44	Aves	212	Passeriformes	729	Parulidae	5263	Setophaga	2489984	Setophaga striata	6092935	NT
6093374	Setophaga citrina (Boddaert, 1783)	6093374	Setophaga citrina (Boddaert, 1783)	1	SPECIES		Animalia	1	Chordata	44	Aves	212	Passeriformes	729	Parulidae	5263	Setophaga	2489984	Setophaga citrina	6093374	LC
7192163	Petrochelidon pyrrhonota pyrrhonota (Vieillot, 1817)	7192163	Petrochelidon pyrrhonota pyrrhonota (Vieillot, 1817)	5	SUBSPECIES		Animalia	1	Chordata	44	Aves	212	Passeriformes	729	Hirundinidae	5248	Petrochelidon	2489165	Petrochelidon pyrrhonota	2489169	
2498112	Anas acuta Linnaeus, 1758	2498112	Anas acuta Linnaeus, 1758	16	SPECIES		Animalia	1	Chordata	44	Aves	212	Anseriformes	1108	Anatidae	2986	Anas	2498056	Anas acuta	2498112	LC
2480258	Recurvirostra americana J.F.Gmelin, 1789	2480258	Recurvirostra americana J.F.Gmelin, 1789	25	SPECIES		Animalia	1	Chordata	44	Aves	212	Charadriiformes	7192402	Recurvirostridae	4287244	Recurvirostra	2480255	Recurvirostra americana	2480258	LC
11016979	Colaptes Vigors, 1825	11016979	Colaptes Vigors, 1825	5	GENUS		Animalia	1	Chordata	44	Aves	212	Piciformes	724	Picidae	9333	Colaptes	11016979			
5230793	Hirundo rustica erythrogaster Boddaert, 1783	5230793	Hirundo rustica erythrogaster Boddaert, 1783	1	SUBSPECIES		Animalia	1	Chordata	44	Aves	212	Passeriformes	729	Hirundinidae	5248	Hirundo	2489222	Hirundo rustica	9515886	
8169649	Leiothlypis celata (Say, 1822)	8169649	Leiothlypis celata (Say, 1822)	9	SPECIES		Animalia	1	Chordata	44	Aves	212	Passeriformes	729	Parulidae	5263	Leiothlypis	7467942	Leiothlypis celata	8169649	LC
2481794	Numenius americanus Bechstein, 1812	2481794	Numenius americanus Bechstein, 1812	6	SPECIES		Animalia	1	Chordata	44	Aves	212	Charadriiformes	7192402	Scolopacidae	5282	Numenius	2481781	Numenius americanus	2481794	LC
5231139	Zonotrichia querula (Nuttall, 1840)	5231139	Zonotrichia querula (Nuttall, 1840)	7	SPECIES		Animalia	1	Chordata	44	Aves	212	Passeriformes	729	Passerellidae	9410667	Zonotrichia	6173226	Zonotrichia querula	5231139	NT
2481720	Tringa melanoleuca (J.F.Gmelin, 1789)	2481720	Tringa melanoleuca (J.F.Gmelin, 1789)	7	SPECIES		Animalia	1	Chordata	44	Aves	212	Charadriiformes	7192402	Scolopacidae	5282	Tringa	2481709	Tringa melanoleuca	2481720	NT
2494321	Coccothraustes vespertinus (W.Cooper, 1825)	2494324	Hesperiphona vespertina (W.Cooper, 1825)	3	SPECIES		Animalia	1	Chordata	44	Aves	212	Passeriformes	729	Fringillidae	5242	Hesperiphona	8346747	Hesperiphona vespertina	2494324	
6171812	Corvus corax principalis Ridgway, 1887	6171812	Corvus corax principalis Ridgway, 1887	6	SUBSPECIES		Animalia	1	Chordata	44	Aves	212	Passeriformes	729	Corvidae	5235	Corvus	2482468	Corvus corax	2482492	
9509445	Larus glaucoides thayeri W.S.Brooks, 1915	9509445	Larus glaucoides thayeri W.S.Brooks, 1915	1	SUBSPECIES		Animalia	1	Chordata	44	Aves	212	Charadriiformes	7192402	Laridae	9316	Larus	2481126	Larus glaucoides	2481156	
2481174	Larus fuscus Linnaeus, 1758	2481174	Larus fuscus Linnaeus, 1758	2	SPECIES		Animalia	1	Chordata	44	Aves	212	Charadriiformes	7192402	Laridae	9316	Larus	2481126	Larus fuscus	2481174	LC
2487805	Poecile atricapillus (Linnaeus, 1766)	2487805	Poecile atricapillus (Linnaeus, 1766)	21	SPECIES		Animalia	1	Chordata	44	Aves	212	Passeriformes	729	Paridae	9327	Poecile	2487782	Poecile atricapillus	2487805	LC
5789146	Geothlypis tolmiei (J.K.Townsend, 1839)	5789146	Geothlypis tolmiei (J.K.Townsend, 1839)	8	SPECIES		Animalia	1	Chordata	44	Aves	212	Passeriformes	729	Parulidae	5263	Geothlypis	2489637	Geothlypis tolmiei	5789146	LC
2482077	Podilymbus podiceps (Linnaeus, 1758)	2482077	Podilymbus podiceps (Linnaeus, 1758)	6	SPECIES		Animalia	1	Chordata	44	Aves	212	Podicipediformes	7191588	Podicipedidae	9338	Podilymbus	2482075	Podilymbus podiceps	2482077	LC
2498305	Oxyura jamaicensis (J.F.Gmelin, 1789)	2498305	Oxyura jamaicensis (J.F.Gmelin, 1789)	17	SPECIES		Animalia	1	Chordata	44	Aves	212	Anseriformes	1108	Anatidae	2986	Oxyura	2498299	Oxyura jamaicensis	2498305	LC
2482032	Aechmophorus clarkii (Lawrence, 1858)	2482032	Aechmophorus clarkii (Lawrence, 1858)	1	SPECIES		Animalia	1	Chordata	44	Aves	212	Podicipediformes	7191588	Podicipedidae	9338	Aechmophorus	2482031	Aechmophorus clarkii	2482032	LC
9581157	Certhia americana Bonaparte, 1838	9581157	Certhia americana Bonaparte, 1838	13	SPECIES		Animalia	1	Chordata	44	Aves	212	Passeriformes	729	Certhiidae	5227	Certhia	2487601	Certhia americana	9581157	LC
6177452	Colaptes auratus cafer (J.F.Gmelin, 1788)	6177452	Colaptes auratus cafer (J.F.Gmelin, 1788)	5	SUBSPECIES		Animalia	1	Chordata	44	Aves	212	Piciformes	724	Picidae	9333	Colaptes	11016979	Colaptes auratus	2478259	LC
2498329	Bucephala albeola (Linnaeus, 1758)	2498329	Bucephala albeola (Linnaeus, 1758)	19	SPECIES		Animalia	1	Chordata	44	Aves	212	Anseriformes	1108	Anatidae	2986	Bucephala	2498324	Bucephala albeola	2498329	LC
6092942	Setophaga pensylvanica (Linnaeus, 1766)	6092942	Setophaga pensylvanica (Linnaeus, 1766)	1	SPECIES		Animalia	1	Chordata	44	Aves	212	Passeriformes	729	Parulidae	5263	Setophaga	2489984	Setophaga pensylvanica	6092942	LC
2489984	Setophaga Swainson, 1827	2489984	Setophaga Swainson, 1827	1	GENUS		Animalia	1	Chordata	44	Aves	212	Passeriformes	729	Parulidae	5263	Setophaga	2489984			
8332393	Spatula clypeata (Linnaeus, 1758)	8332393	Spatula clypeata (Linnaeus, 1758)	8	SPECIES		Animalia	1	Chordata	44	Aves	212	Anseriformes	1108	Anatidae	2986	Spatula	4850990	Spatula clypeata	8332393	LC
2481764	Calidris pusilla (Linnaeus, 1766)	2481764	Calidris pusilla (Linnaeus, 1766)	1	SPECIES		Animalia	1	Chordata	44	Aves	212	Charadriiformes	7192402	Scolopacidae	5282	Calidris	2481739	Calidris pusilla	2481764	NT
9353154	Vireo plumbeus Coues, 1866	9353154	Vireo plumbeus Coues, 1866	3	SPECIES		Animalia	1	Chordata	44	Aves	212	Passeriformes	729	Vireonidae	9358	Vireo	2487406	Vireo plumbeus	9353154	LC
2498167	Anser caerulescens (Linnaeus, 1758)	2498167	Anser caerulescens (Linnaeus, 1758)	3	SPECIES		Animalia	1	Chordata	44	Aves	212	Anseriformes	1108	Anatidae	2986	Anser	2498016	Anser caerulescens	2498167	LC
2498056	Anas Linnaeus, 1758	2498056	Anas Linnaeus, 1758	1	GENUS		Animalia	1	Chordata	44	Aves	212	Anseriformes	1108	Anatidae	2986	Anas	2498056			
2498246	Melanitta perspicillata (Linnaeus, 1758)	2498246	Melanitta perspicillata (Linnaeus, 1758)	2	SPECIES		Animalia	1	Chordata	44	Aves	212	Anseriformes	1108	Anatidae	2986	Melanitta	2498237	Melanitta perspicillata	2498246	LC
2497295	Asio flammeus (Pontoppidan, 1763)	2497295	Asio flammeus (Pontoppidan, 1763)	2	SPECIES		Animalia	1	Chordata	44	Aves	212	Strigiformes	1450	Strigidae	9348	Asio	8373955	Asio flammeus	2497295	LC
2489989	Icteria virens (Linnaeus, 1758)	2489989	Icteria virens (Linnaeus, 1758)	2	SPECIES		Animalia	1	Chordata	44	Aves	212	Passeriformes	729	Parulidae	5263	Icteria	2489988	Icteria virens	2489989	LC
2478130	Melanerpes erythrocephalus (Linnaeus, 1758)	2478130	Melanerpes erythrocephalus (Linnaeus, 1758)	6	SPECIES		Animalia	1	Chordata	44	Aves	212	Piciformes	724	Picidae	9333	Melanerpes	2478067	Melanerpes erythrocephalus	2478130	LC
2497062	Phalaenoptilus nuttallii (Audubon, 1844)	2497062	Phalaenoptilus nuttallii (Audubon, 1844)	5	SPECIES		Animalia	1	Chordata	44	Aves	212	Caprimulgiformes	8510645	Caprimulgidae	5225	Phalaenoptilus	2497061	Phalaenoptilus nuttallii	2497062	LC
6175081	Sturnella neglecta neglecta Audubon, 1844	9596413	Sturnella neglecta Audubon, 1844	3	SUBSPECIES		Animalia	1	Chordata	44	Aves	212	Passeriformes	729	Icteridae	6176	Sturnella	2484248	Sturnella neglecta	9596413	
6173257	Zonotrichia leucophrys gambelii (Nuttall, 1840)	6173257	Zonotrichia leucophrys gambelii (Nuttall, 1840)	1	SUBSPECIES		Animalia	1	Chordata	44	Aves	212	Passeriformes	729	Passerellidae	9410667	Zonotrichia	6173226	Zonotrichia leucophrys	5231132	
7357320	Spizelloides arborea (A.Wilson, 1810)	7357320	Spizelloides arborea (A.Wilson, 1810)	6	SPECIES		Animalia	1	Chordata	44	Aves	212	Passeriformes	729	Passerellidae	9410667	Spizelloides	8175054	Spizelloides arborea	7357320	LC
9344537	Melospiza melodia montana Henshaw, 1884	9344537	Melospiza melodia montana Henshaw, 1884	1	SUBSPECIES		Animalia	1	Chordata	44	Aves	212	Passeriformes	729	Passerellidae	9410667	Melospiza	2492191	Melospiza melodia	2492196	
9422220	Spatula discors (Linnaeus, 1766)	9422220	Spatula discors (Linnaeus, 1766)	12	SPECIES		Animalia	1	Chordata	44	Aves	212	Anseriformes	1108	Anatidae	2986	Spatula	4850990	Spatula discors	9422220	LC
9577769	Anas platyrhynchos f. domesticus	9577769	Anas platyrhynchos f. domesticus	1	FORM		Animalia	1	Chordata	44	Aves	212	Anseriformes	1108	Anatidae	2986	Anas	2498056	Anas platyrhynchos	9761484	
5229205	Eudocimus albus (Linnaeus, 1758)	5229205	Eudocimus albus (Linnaeus, 1758)	2	SPECIES		Animalia	1	Chordata	44	Aves	212	Pelecaniformes	7190953	Threskiornithidae	5288	Eudocimus	10629993	Eudocimus albus	5229205	LC
5231140	Zonotrichia albicollis (J.F.Gmelin, 1789)	5231140	Zonotrichia albicollis (J.F.Gmelin, 1789)	6	SPECIES		Animalia	1	Chordata	44	Aves	212	Passeriformes	729	Passerellidae	9410667	Zonotrichia	6173226	Zonotrichia albicollis	5231140	LC
5231647	Spinus psaltria (Say, 1822)	5231647	Spinus psaltria (Say, 1822)	4	SPECIES		Animalia	1	Chordata	44	Aves	212	Passeriformes	729	Fringillidae	5242	Spinus	8051475	Spinus psaltria	5231647	LC
2480863	Nycticorax nycticorax (Linnaeus, 1758)	2480863	Nycticorax nycticorax (Linnaeus, 1758)	9	SPECIES		Animalia	1	Chordata	44	Aves	212	Pelecaniformes	7190953	Ardeidae	3685	Nycticorax	2480856	Nycticorax nycticorax	2480863	LC
2481748	Calidris alba (Pallas, 1764)	2481748	Calidris alba (Pallas, 1764)	1	SPECIES		Animalia	1	Chordata	44	Aves	212	Charadriiformes	7192402	Scolopacidae	5282	Calidris	2481739	Calidris alba	2481748	LC
2482786	Empidonax traillii (Audubon, 1828)	2482786	Empidonax traillii (Audubon, 1828)	2	SPECIES		Animalia	1	Chordata	44	Aves	212	Passeriformes	729	Tyrannidae	5291	Empidonax	2482766	Empidonax traillii	2482786	LC
2481710	Tringa solitaria A.Wilson, 1813	2481710	Tringa solitaria A.Wilson, 1813	10	SPECIES		Animalia	1	Chordata	44	Aves	212	Charadriiformes	7192402	Scolopacidae	5282	Tringa	2481709	Tringa solitaria	2481710	LC
2481745	Calidris minutilla (Vieillot, 1819)	2481745	Calidris minutilla (Vieillot, 1819)	1	SPECIES		Animalia	1	Chordata	44	Aves	212	Charadriiformes	7192402	Scolopacidae	5282	Calidris	2481739	Calidris minutilla	2481745	NT
2482791	Empidonax minimus (W.M.Baird & S.F.Baird, 1843)	2482791	Empidonax minimus (W.M.Baird & S.F.Baird, 1843)	2	SPECIES		Animalia	1	Chordata	44	Aves	212	Passeriformes	729	Tyrannidae	5291	Empidonax	2482766	Empidonax minimus	2482791	LC
9752617	Ardea alba Linnaeus, 1758	9752617	Ardea alba Linnaeus, 1758	1	SPECIES		Animalia	1	Chordata	44	Aves	212	Pelecaniformes	7190953	Ardeidae	3685	Ardea	2480922	Ardea alba	9752617	LC
5228513	Archilochus alexandri (Bourcier & Mulsant, 1846)	5228513	Archilochus alexandri (Bourcier & Mulsant, 1846)	3	SPECIES		Animalia	1	Chordata	44	Aves	212	Apodiformes	1448	Trochilidae	5289	Archilochus	2476402	Archilochus alexandri	5228513	LC
5844900	Aphelocoma woodhouseii (S.F.Baird, 1858)	5844900	Aphelocoma woodhouseii (S.F.Baird, 1858)	1	SPECIES		Animalia	1	Chordata	44	Aves	212	Passeriformes	729	Corvidae	5235	Aphelocoma	2482394	Aphelocoma woodhouseii	5844900	
6176468	Chordeiles minor sennetti Coues, 1888	6176468	Chordeiles minor sennetti Coues, 1888	3	SUBSPECIES		Animalia	1	Chordata	44	Aves	212	Caprimulgiformes	8510645	Caprimulgidae	5225	Chordeiles	2497027	Chordeiles minor	2497035	
2482800	Empidonax hammondii (Xantus de Vesey, 1858)	2482800	Empidonax hammondii (Xantus de Vesey, 1858)	2	SPECIES		Animalia	1	Chordata	44	Aves	212	Passeriformes	729	Tyrannidae	5291	Empidonax	2482766	Empidonax hammondii	2482800	LC
5229743	Contopus cooperi (Nuttall, 1831)	5229743	Contopus cooperi (Nuttall, 1831)	2	SPECIES		Animalia	1	Chordata	44	Aves	212	Passeriformes	729	Tyrannidae	5291	Contopus	2483729	Contopus cooperi	5229743	
7192361	Poecile gambeli gambeli (Ridgway, 1886)	7192361	Poecile gambeli gambeli (Ridgway, 1886)	2	SUBSPECIES		Animalia	1	Chordata	44	Aves	212	Passeriformes	729	Paridae	9327	Poecile	2487782	Poecile gambeli	2487825	
5229247	Sterna forsteri Nuttall, 1834	5229247	Sterna forsteri Nuttall, 1834	5	SPECIES		Animalia	1	Chordata	44	Aves	212	Charadriiformes	7192402	Laridae	9316	Sterna	2481227	Sterna forsteri	5229247	LC
2497522	Strix nebulosa J.R.Forster, 1772	2497522	Strix nebulosa J.R.Forster, 1772	5	SPECIES		Animalia	1	Chordata	44	Aves	212	Strigiformes	1450	Strigidae	9348	Strix	2497486	Strix nebulosa	2497522	LC
2481957	Gavia adamsii (G.R.Gray, 1859)	2481957	Gavia adamsii (G.R.Gray, 1859)	2	SPECIES		Animalia	1	Chordata	44	Aves	212	Gaviiformes	7192754	Gaviidae	9312	Gavia	2481954	Gavia adamsii	2481957	NT
5231688	Toxostoma curvirostre (Swainson, 1827)	5231688	Toxostoma curvirostre (Swainson, 1827)	1	SPECIES		Animalia	1	Chordata	44	Aves	212	Passeriformes	729	Mimidae	9321	Toxostoma	2494943	Toxostoma curvirostre	5231688	LC
2478142	Melanerpes lewis (G.R.Gray, 1849)	2478142	Melanerpes lewis (G.R.Gray, 1849)	1	SPECIES		Animalia	1	Chordata	44	Aves	212	Piciformes	724	Picidae	9333	Melanerpes	2478067	Melanerpes lewis	2478142	LC
2491872	Passerella iliaca (Merrem, 1786)	2491872	Passerella iliaca (Merrem, 1786)	2	SPECIES		Animalia	1	Chordata	44	Aves	212	Passeriformes	729	Passerellidae	9410667	Passerella	2491871	Passerella iliaca	2491872	LC
9568884	Tyto furcata (Temminck, 1827)	9568884	Tyto furcata (Temminck, 1827)	1	SPECIES		Animalia	1	Chordata	44	Aves	212	Strigiformes	1450	Tytonidae	5292	Tyto	2497905	Tyto furcata	9568884	
2490826	Catharus minimus (Lafresnaye, 1848)	2490826	Catharus minimus (Lafresnaye, 1848)	1	SPECIES		Animalia	1	Chordata	44	Aves	212	Passeriformes	729	Turdidae	5290	Catharus	2490799	Catharus minimus	2490826	LC
2487596	Polioptila caerulea (Linnaeus, 1766)	2487596	Polioptila caerulea (Linnaeus, 1766)	2	SPECIES		Animalia	1	Chordata	44	Aves	212	Passeriformes	729	Polioptilidae	5789066	Polioptila	2487581	Polioptila caerulea	2487596	LC
2481705	Bartramia longicauda (Bechstein, 1812)	2481705	Bartramia longicauda (Bechstein, 1812)	2	SPECIES		Animalia	1	Chordata	44	Aves	212	Charadriiformes	7192402	Scolopacidae	5282	Bartramia	2481704	Bartramia longicauda	2481705	LC
5229935	Icterus spurius (Linnaeus, 1766)	5229935	Icterus spurius (Linnaeus, 1766)	1	SPECIES		Animalia	1	Chordata	44	Aves	212	Passeriformes	729	Icteridae	6176	Icterus	2484282	Icterus spurius	5229935	LC
2477108	Aeronautes saxatalis (Woodhouse, 1853)	2477108	Aeronautes saxatalis (Woodhouse, 1853)	1	SPECIES		Animalia	1	Chordata	44	Aves	212	Apodiformes	1448	Apodidae	2993	Aeronautes	2477107	Aeronautes saxatalis	2477108	LC
8314699	Leiothlypis virginiae (S.F.Baird, 1860)	8314699	Leiothlypis virginiae (S.F.Baird, 1860)	2	SPECIES		Animalia	1	Chordata	44	Aves	212	Passeriformes	729	Parulidae	5263	Leiothlypis	7467942	Leiothlypis virginiae	8314699	LC
5231430	Catherpes mexicanus (Swainson, 1829)	5231430	Catherpes mexicanus (Swainson, 1829)	1	SPECIES		Animalia	1	Chordata	44	Aves	212	Passeriformes	729	Troglodytidae	9355	Catherpes	2493789	Catherpes mexicanus	5231430	LC
9316	Laridae	9316	Laridae	1	FAMILY		Animalia	1	Chordata	44	Aves	212	Charadriiformes	7192402	Laridae	9316					
2478602	Sphyrapicus thyroideus (Cassin, 1852)	2478602	Sphyrapicus thyroideus (Cassin, 1852)	7	SPECIES		Animalia	1	Chordata	44	Aves	212	Piciformes	724	Picidae	9333	Sphyrapicus	2478596	Sphyrapicus thyroideus	2478602	LC
2481770	Calidris bairdii (Coues, 1861)	2481770	Calidris bairdii (Coues, 1861)	8	SPECIES		Animalia	1	Chordata	44	Aves	212	Charadriiformes	7192402	Scolopacidae	5282	Calidris	2481739	Calidris bairdii	2481770	LC
7191279	Strix nebulosa nebulosa J.R.Forster, 1772	7191279	Strix nebulosa nebulosa J.R.Forster, 1772	2	SUBSPECIES		Animalia	1	Chordata	44	Aves	212	Strigiformes	1450	Strigidae	9348	Strix	2497486	Strix nebulosa	2497522	
2497240	Athene cunicularia (Molina, 1782)	2497240	Athene cunicularia (Molina, 1782)	4	SPECIES		Animalia	1	Chordata	44	Aves	212	Strigiformes	1450	Strigidae	9348	Athene	2497239	Athene cunicularia	2497240	LC
5227760	Meleagris gallopavo merriami Nelson, 1900	5227760	Meleagris gallopavo merriami Nelson, 1900	2	SUBSPECIES		Animalia	1	Chordata	44	Aves	212	Galliformes	723	Phasianidae	9331	Meleagris	2473548	Meleagris gallopavo	9606290	
2491123	Ammodramus savannarum (J.F.Gmelin, 1789)	2491123	Ammodramus savannarum (J.F.Gmelin, 1789)	1	SPECIES		Animalia	1	Chordata	44	Aves	212	Passeriformes	729	Passerellidae	9410667	Ammodramus	2491079	Ammodramus savannarum	2491123	LC
2492101	Spizella pallida (Swainson, 1832)	2492101	Spizella pallida (Swainson, 1832)	4	SPECIES		Animalia	1	Chordata	44	Aves	212	Passeriformes	729	Passerellidae	9410667	Spizella	2492093	Spizella pallida	2492101	LC
6178406	Anas crecca carolinensis J.F.Gmelin, 1789	2498125	Anas carolinensis J.F.Gmelin, 1789	1	SUBSPECIES		Animalia	1	Chordata	44	Aves	212	Anseriformes	1108	Anatidae	2986	Anas	2498056	Anas carolinensis	2498125	
2481221	Xema sabini (Sabine, 1819)	2481221	Xema sabini (Sabine, 1819)	1	SPECIES		Animalia	1	Chordata	44	Aves	212	Charadriiformes	7192402	Laridae	9316	Xema	2481220	Xema sabini	2481221	LC
2482059	Podiceps auritus (Linnaeus, 1758)	2482059	Podiceps auritus (Linnaeus, 1758)	2	SPECIES		Animalia	1	Chordata	44	Aves	212	Podicipediformes	7191588	Podicipedidae	9338	Podiceps	2482049	Podiceps auritus	2482059	VU
6177984	Falco columbarius richardsonii Ridgway, 1871	6177984	Falco columbarius richardsonii Ridgway, 1871	1	SUBSPECIES		Animalia	1	Chordata	44	Aves	212	Falconiformes	7191407	Falconidae	5240	Falco	2480996	Falco columbarius	9813242	
2490810	Catharus guttatus (Pallas, 1811)	2490810	Catharus guttatus (Pallas, 1811)	9	SPECIES		Animalia	1	Chordata	44	Aves	212	Passeriformes	729	Turdidae	5290	Catharus	2490799	Catharus guttatus	2490810	LC
2481784	Numenius phaeopus (Linnaeus, 1758)	2481784	Numenius phaeopus (Linnaeus, 1758)	1	SPECIES		Animalia	1	Chordata	44	Aves	212	Charadriiformes	7192402	Scolopacidae	5282	Numenius	2481781	Numenius phaeopus	2481784	LC
2481742	Calidris mauri (Cabanis, 1857)	2481742	Calidris mauri (Cabanis, 1857)	2	SPECIES		Animalia	1	Chordata	44	Aves	212	Charadriiformes	7192402	Scolopacidae	5282	Calidris	2481739	Calidris mauri	2481742	LC
2480773	Plegadis falcinellus (Linnaeus, 1766)	2480773	Plegadis falcinellus (Linnaeus, 1766)	1	SPECIES		Animalia	1	Chordata	44	Aves	212	Pelecaniformes	7190953	Threskiornithidae	5288	Plegadis	8171676	Plegadis falcinellus	2480773	LC
6065965	Tringa semipalmata inornata (Brewster, 1887)	6065965	Tringa semipalmata inornata (Brewster, 1887)	1	SUBSPECIES		Animalia	1	Chordata	44	Aves	212	Charadriiformes	7192402	Scolopacidae	5282	Tringa	2481709	Tringa semipalmata	5789298	
6175481	Loxia curvirostra benti Griscom, 1937	6175481	Loxia curvirostra benti Griscom, 1937	4	SUBSPECIES		Animalia	1	Chordata	44	Aves	212	Passeriformes	729	Fringillidae	5242	Loxia	2494150	Loxia curvirostra	9629160	
7192446	Charadrius vociferus vociferus Linnaeus, 1758	7192446	Charadrius vociferus vociferus Linnaeus, 1758	2	SUBSPECIES		Animalia	1	Chordata	44	Aves	212	Charadriiformes	7192402	Charadriidae	2480210	Charadrius	2480277	Charadrius vociferus	2480320	
2491677	Calcarius ornatus (J.K.Townsend, 1837)	2491677	Calcarius ornatus (J.K.Townsend, 1837)	2	SPECIES		Animalia	1	Chordata	44	Aves	212	Passeriformes	729	Calcariidae	6101141	Calcarius	2491676	Calcarius ornatus	2491677	VU
6175140	Quiscalus quiscula versicolor Vieillot, 1819	6175140	Quiscalus quiscula versicolor Vieillot, 1819	2	SUBSPECIES		Animalia	1	Chordata	44	Aves	212	Passeriformes	729	Icteridae	6176	Quiscalus	2484132	Quiscalus quiscula	2484155	
5739298	Aegolius funereus (Linnaeus, 1758)	5739298	Aegolius funereus (Linnaeus, 1758)	1	SPECIES		Animalia	1	Chordata	44	Aves	212	Strigiformes	1450	Strigidae	9348	Aegolius	8095667	Aegolius funereus	5739298	LC
5739290	Phalaropus lobatus (Linnaeus, 1758)	5739290	Phalaropus lobatus (Linnaeus, 1758)	1	SPECIES		Animalia	1	Chordata	44	Aves	212	Charadriiformes	7192402	Scolopacidae	5282	Phalaropus	9549339	Phalaropus lobatus	5739290	LC
6093856	Parkesia noveboracensis (J.F.Gmelin, 1789)	6093856	Parkesia noveboracensis (J.F.Gmelin, 1789)	2	SPECIES		Animalia	1	Chordata	44	Aves	212	Passeriformes	729	Parulidae	5263	Parkesia	6093857	Parkesia noveboracensis	6093856	LC
2498265	Aythya marila (Linnaeus, 1761)	2498265	Aythya marila (Linnaeus, 1761)	2	SPECIES		Animalia	1	Chordata	44	Aves	212	Anseriformes	1108	Anatidae	2986	Aythya	2498254	Aythya marila	2498265	LC
2490494	Pheucticus ludovicianus (Linnaeus, 1766)	2490494	Pheucticus ludovicianus (Linnaeus, 1766)	1	SPECIES		Animalia	1	Chordata	44	Aves	212	Passeriformes	729	Cardinalidae	9285	Pheucticus	2490486	Pheucticus ludovicianus	2490494	LC
2491719	Plectrophenax nivalis (Linnaeus, 1758)	2491719	Plectrophenax nivalis (Linnaeus, 1758)	2	SPECIES		Animalia	1	Chordata	44	Aves	212	Passeriformes	729	Calcariidae	6101141	Plectrophenax	2491717	Plectrophenax nivalis	2491719	LC
11297138	Astur atricapillus (Wilson, 1812)	10542232	Falco atricapillus Wilson, 1812	3	SPECIES		Animalia	1	Chordata	44	Aves	212	Falconiformes	7191407	Falconidae	5240	Falco	2480996	Falco atricapillus	10542232	
2484605	Bombycilla garrulus (Linnaeus, 1758)	2484605	Bombycilla garrulus (Linnaeus, 1758)	3	SPECIES		Animalia	1	Chordata	44	Aves	212	Passeriformes	729	Bombycillidae	5215	Bombycilla	2484604	Bombycilla garrulus	2484605	LC
2481756	Calidris fuscicollis (Vieillot, 1819)	2481756	Calidris fuscicollis (Vieillot, 1819)	1	SPECIES		Animalia	1	Chordata	44	Aves	212	Charadriiformes	7192402	Scolopacidae	5282	Calidris	2481739	Calidris fuscicollis	2481756	VU
6171856	Catharus guttatus auduboni (S.F.Baird, 1864)	6171856	Catharus guttatus auduboni (S.F.Baird, 1864)	2	SUBSPECIES		Animalia	1	Chordata	44	Aves	212	Passeriformes	729	Turdidae	5290	Catharus	2490799	Catharus guttatus	2490810	
2482051	Podiceps grisegena (Boddaert, 1783)	2482051	Podiceps grisegena (Boddaert, 1783)	1	SPECIES		Animalia	1	Chordata	44	Aves	212	Podicipediformes	7191588	Podicipedidae	9338	Podiceps	2482049	Podiceps grisegena	2482051	LC
2480251	Anarhynchus Quoy & Gaimard, 1832	2480251	Anarhynchus Quoy & Gaimard, 1832	1	GENUS		Animalia	1	Chordata	44	Aves	212	Charadriiformes	7192402	Charadriidae	2480210	Anarhynchus	2480251			
6177448	Colaptes auratus luteus Bangs, 1898	6177448	Colaptes auratus luteus Bangs, 1898	1	SUBSPECIES		Animalia	1	Chordata	44	Aves	212	Piciformes	724	Picidae	9333	Colaptes	11016979	Colaptes auratus	2478259	
2489160	Riparia riparia (Linnaeus, 1758)	2489160	Riparia riparia (Linnaeus, 1758)	4	SPECIES		Animalia	1	Chordata	44	Aves	212	Passeriformes	729	Hirundinidae	5248	Riparia	2489158	Riparia riparia	2489160	LC
9180697	Falco sparverius sparverius Linnaeus, 1758	9180697	Falco sparverius sparverius Linnaeus, 1758	1	SUBSPECIES		Animalia	1	Chordata	44	Aves	212	Falconiformes	7191407	Falconidae	5240	Falco	2480996	Falco sparverius	9685907	
5229930	Icterus parisorum Bonaparte, 1838	5229930	Icterus parisorum Bonaparte, 1838	1	SPECIES		Animalia	1	Chordata	44	Aves	212	Passeriformes	729	Icteridae	6176	Icterus	2484282	Icterus parisorum	5229930	LC
2498338	Cygnus columbianus (Ord, 1815)	2498338	Cygnus columbianus (Ord, 1815)	3	SPECIES		Animalia	1	Chordata	44	Aves	212	Anseriformes	1108	Anatidae	2986	Cygnus	8996942	Cygnus columbianus	2498338	LC
9018037	Antigone canadensis tabida (J.L.Peters, 1925)	6176784	Grus canadensis tabida J.L.Peters, 1925	2	SUBSPECIES		Animalia	1	Chordata	44	Aves	212	Gruiformes	1493	Gruidae	9313	Grus	2474940	Grus canadensis	2474953	
7341806	Setophaga coronata coronata (Linnaeus, 1766)	7341805	Setophaga coronata (Linnaeus, 1766)	1	SUBSPECIES		Animalia	1	Chordata	44	Aves	212	Passeriformes	729	Parulidae	5263	Setophaga	2489984	Setophaga coronata	7341805	
2497415	Megascops asio (Linnaeus, 1758)	2497415	Megascops asio (Linnaeus, 1758)	2	SPECIES		Animalia	1	Chordata	44	Aves	212	Strigiformes	1450	Strigidae	9348	Megascops	2497318	Megascops asio	2497415	LC
7191207	Cathartes aura aura (Linnaeus, 1758)	7191207	Cathartes aura aura (Linnaeus, 1758)	1	SUBSPECIES		Animalia	1	Chordata	44	Aves	212	Accipitriformes	7191147	Cathartidae	3242141	Cathartes	2481927	Cathartes aura	2481930	
2484340	Icterus galbula (Linnaeus, 1758)	2484340	Icterus galbula (Linnaeus, 1758)	1	SPECIES		Animalia	1	Chordata	44	Aves	212	Passeriformes	729	Icteridae	6176	Icterus	2484282	Icterus galbula	2484340	LC
6173532	Junco hyemalis caniceps (Woodhouse, 1853)	6173532	Junco hyemalis caniceps (Woodhouse, 1853)	2	SUBSPECIES		Animalia	1	Chordata	44	Aves	212	Passeriformes	729	Passerellidae	9410667	Junco	2492009	Junco hyemalis	9362842	
5232452	Branta hutchinsii (Richardson, 1832)	5232452	Branta hutchinsii (Richardson, 1832)	2	SPECIES		Animalia	1	Chordata	44	Aves	212	Anseriformes	1108	Anatidae	2986	Branta	2498190	Branta hutchinsii	5232452	LC
6180235	Dendragapus obscurus pallidus Swarth, 1931	6180235	Dendragapus obscurus pallidus Swarth, 1931	1	SUBSPECIES		Animalia	1	Chordata	44	Aves	212	Galliformes	723	Phasianidae	9331	Dendragapus	2473587	Dendragapus obscurus	9428437	
5231630	Acanthis flammea (Linnaeus, 1758)	5231630	Acanthis flammea (Linnaeus, 1758)	1	SPECIES		Animalia	1	Chordata	44	Aves	212	Passeriformes	729	Fringillidae	5242	Acanthis	6782561	Acanthis flammea	5231630	LC
2480911	Botaurus lentiginosus (Rackett, 1813)	2480911	Botaurus lentiginosus (Rackett, 1813)	1	SPECIES		Animalia	1	Chordata	44	Aves	212	Pelecaniformes	7190953	Ardeidae	3685	Botaurus	2480909	Botaurus lentiginosus	2480911	LC
6175508	Leucosticte tephrocotis littoralis S.F.Baird, 1869	6175508	Leucosticte tephrocotis littoralis S.F.Baird, 1869	1	SUBSPECIES		Animalia	1	Chordata	44	Aves	212	Passeriformes	729	Fringillidae	5242	Leucosticte	2494358	Leucosticte tephrocotis	2494360	
2480538	Buteo platypterus (Vieillot, 1823)	2480538	Buteo platypterus (Vieillot, 1823)	1	SPECIES		Animalia	1	Chordata	44	Aves	212	Accipitriformes	7191147	Accipitridae	2877	Buteo	2480517	Buteo platypterus	2480538	LC
10708159	Cairina moschata var. domestica	10708159	Cairina moschata var. domestica	1	VARIETY		Animalia	1	Chordata	44	Aves	212	Anseriformes	1108	Anatidae	2986	Cairina	2498282	Cairina moschata	9751099	
2490268	Anthus spragueii (Audubon, 1844)	2490268	Anthus spragueii (Audubon, 1844)	1	SPECIES		Animalia	1	Chordata	44	Aves	212	Passeriformes	729	Motacillidae	5257	Anthus	2490241	Anthus spragueii	2490268	VU
4848480	Larus smithsonianus Coues, 1862	4848480	Larus smithsonianus Coues, 1862	2	SPECIES		Animalia	1	Chordata	44	Aves	212	Charadriiformes	7192402	Laridae	9316	Larus	2481126	Larus smithsonianus	4848480	LC
5231677	Mimus polyglottos (Linnaeus, 1758)	5231677	Mimus polyglottos (Linnaeus, 1758)	1	SPECIES		Animalia	1	Chordata	44	Aves	212	Passeriformes	729	Mimidae	9321	Mimus	2494919	Mimus polyglottos	5231677	LC
7853540	Buteo plagiatus (Schlegel, 1862)	6066240	Buteo nitidus plagiatus (Schlegel, 1862)	1	SPECIES		Animalia	1	Chordata	44	Aves	212	Accipitriformes	7191147	Accipitridae	2877	Buteo	2480517	Buteo nitidus	2480556	
2491757	Amphispiza bilineata (Cassin, 1850)	2491757	Amphispiza bilineata (Cassin, 1850)	1	SPECIES		Animalia	1	Chordata	44	Aves	212	Passeriformes	729	Passerellidae	9410667	Amphispiza	2491750	Amphispiza bilineata	2491757	LC
2498136	Anas diazi Ridgway, 1886	2498136	Anas diazi Ridgway, 1886	1	SPECIES		Animalia	1	Chordata	44	Aves	212	Anseriformes	1108	Anatidae	2986	Anas	2498056	Anas diazi	2498136	
